DATAFLOW,LAST UPDATE,freq,product,currency,unit,indic_en,geo,TIME_PERIOD,OBS_VALUE,OBS_FLAG,CONF_STATUS
ESTAT:TEN00117(1.0),27/04/25 11:00:00,Annual,Electrical energy,Euro,Kilowatt-hour,"Non-household, medium size consumers",Albania,2019,0.1040,e,
ESTAT:TEN00117(1.0),27/04/25 11:00:00,Annual,Electrical energy,Euro,Kilowatt-hour,"Non-household, medium size consumers",Albania,2020,0.1037,e,
ESTAT:TEN00117(1.0),27/04/25 11:00:00,Annual,Electrical energy,Euro,Kilowatt-hour,"Non-household, medium size consumers",Albania,2021,0.1039,e,
ESTAT:TEN00117(1.0),27/04/25 11:00:00,Annual,Electrical energy,Euro,Kilowatt-hour,"Non-household, medium size consumers",Albania,2022,0.1057,,
ESTAT:TEN00117(1.0),27/04/25 11:00:00,Annual,Electrical energy,Euro,Kilowatt-hour,"Non-household, medium size consumers",Albania,2023,0.1135,e,
ESTAT:TEN00117(1.0),27/04/25 11:00:00,Annual,Electrical energy,Euro,Kilowatt-hour,"Non-household, medium size consumers",Albania,2024,0.1252,,
ESTAT:TEN00117(1.0),27/04/25 11:00:00,Annual,Electrical energy,Euro,Kilowatt-hour,"Non-household, medium size consumers",Austria,2013,0.0872,,
ESTAT:TEN00117(1.0),27/04/25 11:00:00,Annual,Electrical energy,Euro,Kilowatt-hour,"Non-household, medium size consumers",Austria,2014,0.0827,,
ESTAT:TEN00117(1.0),27/04/25 11:00:00,Annual,Electrical energy,Euro,Kilowatt-hour,"Non-household, medium size consumers",Austria,2015,0.0731,,
ESTAT:TEN00117(1.0),27/04/25 11:00:00,Annual,Electrical energy,Euro,Kilowatt-hour,"Non-household, medium size consumers",Austria,2016,0.0703,,
ESTAT:TEN00117(1.0),27/04/25 11:00:00,Annual,Electrical energy,Euro,Kilowatt-hour,"Non-household, medium size consumers",Austria,2017,0.0621,,
ESTAT:TEN00117(1.0),27/04/25 11:00:00,Annual,Electrical energy,Euro,Kilowatt-hour,"Non-household, medium size consumers",Austria,2018,0.0704,,
ESTAT:TEN00117(1.0),27/04/25 11:00:00,Annual,Electrical energy,Euro,Kilowatt-hour,"Non-household, medium size consumers",Austria,2019,0.0805,,
ESTAT:TEN00117(1.0),27/04/25 11:00:00,Annual,Electrical energy,Euro,Kilowatt-hour,"Non-household, medium size consumers",Austria,2020,0.0877,,
ESTAT:TEN00117(1.0),27/04/25 11:00:00,Annual,Electrical energy,Euro,Kilowatt-hour,"Non-household, medium size consumers",Austria,2021,0.0884,,
ESTAT:TEN00117(1.0),27/04/25 11:00:00,Annual,Electrical energy,Euro,Kilowatt-hour,"Non-household, medium size consumers",Austria,2022,0.1437,,
ESTAT:TEN00117(1.0),27/04/25 11:00:00,Annual,Electrical energy,Euro,Kilowatt-hour,"Non-household, medium size consumers",Austria,2023,0.2554,,
ESTAT:TEN00117(1.0),27/04/25 11:00:00,Annual,Electrical energy,Euro,Kilowatt-hour,"Non-household, medium size consumers",Austria,2024,0.1955,,
ESTAT:TEN00117(1.0),27/04/25 11:00:00,Annual,Electrical energy,Euro,Kilowatt-hour,"Non-household, medium size consumers",Bosnia and Herzegovina,2013,0.0653,,
ESTAT:TEN00117(1.0),27/04/25 11:00:00,Annual,Electrical energy,Euro,Kilowatt-hour,"Non-household, medium size consumers",Bosnia and Herzegovina,2014,0.0652,,
ESTAT:TEN00117(1.0),27/04/25 11:00:00,Annual,Electrical energy,Euro,Kilowatt-hour,"Non-household, medium size consumers",Bosnia and Herzegovina,2015,0.0625,,
ESTAT:TEN00117(1.0),27/04/25 11:00:00,Annual,Electrical energy,Euro,Kilowatt-hour,"Non-household, medium size consumers",Bosnia and Herzegovina,2016,0.0612,,
ESTAT:TEN00117(1.0),27/04/25 11:00:00,Annual,Electrical energy,Euro,Kilowatt-hour,"Non-household, medium size consumers",Bosnia and Herzegovina,2017,0.0581,,
ESTAT:TEN00117(1.0),27/04/25 11:00:00,Annual,Electrical energy,Euro,Kilowatt-hour,"Non-household, medium size consumers",Bosnia and Herzegovina,2018,0.0643,,
ESTAT:TEN00117(1.0),27/04/25 11:00:00,Annual,Electrical energy,Euro,Kilowatt-hour,"Non-household, medium size consumers",Bosnia and Herzegovina,2019,0.0647,,
ESTAT:TEN00117(1.0),27/04/25 11:00:00,Annual,Electrical energy,Euro,Kilowatt-hour,"Non-household, medium size consumers",Bosnia and Herzegovina,2020,0.0708,,
ESTAT:TEN00117(1.0),27/04/25 11:00:00,Annual,Electrical energy,Euro,Kilowatt-hour,"Non-household, medium size consumers",Bosnia and Herzegovina,2021,0.0719,,
ESTAT:TEN00117(1.0),27/04/25 11:00:00,Annual,Electrical energy,Euro,Kilowatt-hour,"Non-household, medium size consumers",Bosnia and Herzegovina,2022,0.0714,,
ESTAT:TEN00117(1.0),27/04/25 11:00:00,Annual,Electrical energy,Euro,Kilowatt-hour,"Non-household, medium size consumers",Bosnia and Herzegovina,2023,0.0905,,
ESTAT:TEN00117(1.0),27/04/25 11:00:00,Annual,Electrical energy,Euro,Kilowatt-hour,"Non-household, medium size consumers",Bosnia and Herzegovina,2024,0.0951,,
ESTAT:TEN00117(1.0),27/04/25 11:00:00,Annual,Electrical energy,Euro,Kilowatt-hour,"Non-household, medium size consumers",Belgium,2013,0.0914,,
ESTAT:TEN00117(1.0),27/04/25 11:00:00,Annual,Electrical energy,Euro,Kilowatt-hour,"Non-household, medium size consumers",Belgium,2014,0.0916,,
ESTAT:TEN00117(1.0),27/04/25 11:00:00,Annual,Electrical energy,Euro,Kilowatt-hour,"Non-household, medium size consumers",Belgium,2015,0.0898,,
ESTAT:TEN00117(1.0),27/04/25 11:00:00,Annual,Electrical energy,Euro,Kilowatt-hour,"Non-household, medium size consumers",Belgium,2016,0.085,,
ESTAT:TEN00117(1.0),27/04/25 11:00:00,Annual,Electrical energy,Euro,Kilowatt-hour,"Non-household, medium size consumers",Belgium,2017,0.0816,,
ESTAT:TEN00117(1.0),27/04/25 11:00:00,Annual,Electrical energy,Euro,Kilowatt-hour,"Non-household, medium size consumers",Belgium,2018,0.0765,,
ESTAT:TEN00117(1.0),27/04/25 11:00:00,Annual,Electrical energy,Euro,Kilowatt-hour,"Non-household, medium size consumers",Belgium,2019,0.0807,,
ESTAT:TEN00117(1.0),27/04/25 11:00:00,Annual,Electrical energy,Euro,Kilowatt-hour,"Non-household, medium size consumers",Belgium,2020,0.0795,,
ESTAT:TEN00117(1.0),27/04/25 11:00:00,Annual,Electrical energy,Euro,Kilowatt-hour,"Non-household, medium size consumers",Belgium,2021,0.0810,,
ESTAT:TEN00117(1.0),27/04/25 11:00:00,Annual,Electrical energy,Euro,Kilowatt-hour,"Non-household, medium size consumers",Belgium,2022,0.1519,,
ESTAT:TEN00117(1.0),27/04/25 11:00:00,Annual,Electrical energy,Euro,Kilowatt-hour,"Non-household, medium size consumers",Belgium,2023,0.1950,,
ESTAT:TEN00117(1.0),27/04/25 11:00:00,Annual,Electrical energy,Euro,Kilowatt-hour,"Non-household, medium size consumers",Belgium,2024,0.1392,,
ESTAT:TEN00117(1.0),27/04/25 11:00:00,Annual,Electrical energy,Euro,Kilowatt-hour,"Non-household, medium size consumers",Bulgaria,2013,0.0803,,
ESTAT:TEN00117(1.0),27/04/25 11:00:00,Annual,Electrical energy,Euro,Kilowatt-hour,"Non-household, medium size consumers",Bulgaria,2014,0.0736,,
ESTAT:TEN00117(1.0),27/04/25 11:00:00,Annual,Electrical energy,Euro,Kilowatt-hour,"Non-household, medium size consumers",Bulgaria,2015,0.0682,,
ESTAT:TEN00117(1.0),27/04/25 11:00:00,Annual,Electrical energy,Euro,Kilowatt-hour,"Non-household, medium size consumers",Bulgaria,2016,0.0992,,
ESTAT:TEN00117(1.0),27/04/25 11:00:00,Annual,Electrical energy,Euro,Kilowatt-hour,"Non-household, medium size consumers",Bulgaria,2017,0.0753,,
ESTAT:TEN00117(1.0),27/04/25 11:00:00,Annual,Electrical energy,Euro,Kilowatt-hour,"Non-household, medium size consumers",Bulgaria,2018,0.0800,,
ESTAT:TEN00117(1.0),27/04/25 11:00:00,Annual,Electrical energy,Euro,Kilowatt-hour,"Non-household, medium size consumers",Bulgaria,2019,0.0877,,
ESTAT:TEN00117(1.0),27/04/25 11:00:00,Annual,Electrical energy,Euro,Kilowatt-hour,"Non-household, medium size consumers",Bulgaria,2020,0.0805,,
ESTAT:TEN00117(1.0),27/04/25 11:00:00,Annual,Electrical energy,Euro,Kilowatt-hour,"Non-household, medium size consumers",Bulgaria,2021,0.0842,,
ESTAT:TEN00117(1.0),27/04/25 11:00:00,Annual,Electrical energy,Euro,Kilowatt-hour,"Non-household, medium size consumers",Bulgaria,2022,0.2372,,
ESTAT:TEN00117(1.0),27/04/25 11:00:00,Annual,Electrical energy,Euro,Kilowatt-hour,"Non-household, medium size consumers",Bulgaria,2023,0.1601,,
ESTAT:TEN00117(1.0),27/04/25 11:00:00,Annual,Electrical energy,Euro,Kilowatt-hour,"Non-household, medium size consumers",Bulgaria,2024,0.1125,,
ESTAT:TEN00117(1.0),27/04/25 11:00:00,Annual,Electrical energy,Euro,Kilowatt-hour,"Non-household, medium size consumers",Cyprus,2013,0.2002,,
ESTAT:TEN00117(1.0),27/04/25 11:00:00,Annual,Electrical energy,Euro,Kilowatt-hour,"Non-household, medium size consumers",Cyprus,2014,0.1672,,
ESTAT:TEN00117(1.0),27/04/25 11:00:00,Annual,Electrical energy,Euro,Kilowatt-hour,"Non-household, medium size consumers",Cyprus,2015,0.1316,,
ESTAT:TEN00117(1.0),27/04/25 11:00:00,Annual,Electrical energy,Euro,Kilowatt-hour,"Non-household, medium size consumers",Cyprus,2016,0.0954,,
ESTAT:TEN00117(1.0),27/04/25 11:00:00,Annual,Electrical energy,Euro,Kilowatt-hour,"Non-household, medium size consumers",Cyprus,2017,0.1275,,
ESTAT:TEN00117(1.0),27/04/25 11:00:00,Annual,Electrical energy,Euro,Kilowatt-hour,"Non-household, medium size consumers",Cyprus,2018,0.1241,,
ESTAT:TEN00117(1.0),27/04/25 11:00:00,Annual,Electrical energy,Euro,Kilowatt-hour,"Non-household, medium size consumers",Cyprus,2019,0.1291,,
ESTAT:TEN00117(1.0),27/04/25 11:00:00,Annual,Electrical energy,Euro,Kilowatt-hour,"Non-household, medium size consumers",Cyprus,2020,0.1178,,
ESTAT:TEN00117(1.0),27/04/25 11:00:00,Annual,Electrical energy,Euro,Kilowatt-hour,"Non-household, medium size consumers",Cyprus,2021,0.1091,,
ESTAT:TEN00117(1.0),27/04/25 11:00:00,Annual,Electrical energy,Euro,Kilowatt-hour,"Non-household, medium size consumers",Cyprus,2022,0.1722,,
ESTAT:TEN00117(1.0),27/04/25 11:00:00,Annual,Electrical energy,Euro,Kilowatt-hour,"Non-household, medium size consumers",Cyprus,2023,0.1921,,
ESTAT:TEN00117(1.0),27/04/25 11:00:00,Annual,Electrical energy,Euro,Kilowatt-hour,"Non-household, medium size consumers",Cyprus,2024,0.1824,,
ESTAT:TEN00117(1.0),27/04/25 11:00:00,Annual,Electrical energy,Euro,Kilowatt-hour,"Non-household, medium size consumers",Czechia,2013,0.1012,,
ESTAT:TEN00117(1.0),27/04/25 11:00:00,Annual,Electrical energy,Euro,Kilowatt-hour,"Non-household, medium size consumers",Czechia,2014,0.0819,,
ESTAT:TEN00117(1.0),27/04/25 11:00:00,Annual,Electrical energy,Euro,Kilowatt-hour,"Non-household, medium size consumers",Czechia,2015,0.0761,,
ESTAT:TEN00117(1.0),27/04/25 11:00:00,Annual,Electrical energy,Euro,Kilowatt-hour,"Non-household, medium size consumers",Czechia,2016,0.072,,
ESTAT:TEN00117(1.0),27/04/25 11:00:00,Annual,Electrical energy,Euro,Kilowatt-hour,"Non-household, medium size consumers",Czechia,2017,0.0677,,
ESTAT:TEN00117(1.0),27/04/25 11:00:00,Annual,Electrical energy,Euro,Kilowatt-hour,"Non-household, medium size consumers",Czechia,2018,0.0722,,
ESTAT:TEN00117(1.0),27/04/25 11:00:00,Annual,Electrical energy,Euro,Kilowatt-hour,"Non-household, medium size consumers",Czechia,2019,0.0646,,
ESTAT:TEN00117(1.0),27/04/25 11:00:00,Annual,Electrical energy,Euro,Kilowatt-hour,"Non-household, medium size consumers",Czechia,2020,0.0716,,
ESTAT:TEN00117(1.0),27/04/25 11:00:00,Annual,Electrical energy,Euro,Kilowatt-hour,"Non-household, medium size consumers",Czechia,2021,0.0739,,
ESTAT:TEN00117(1.0),27/04/25 11:00:00,Annual,Electrical energy,Euro,Kilowatt-hour,"Non-household, medium size consumers",Czechia,2022,0.1444,,
ESTAT:TEN00117(1.0),27/04/25 11:00:00,Annual,Electrical energy,Euro,Kilowatt-hour,"Non-household, medium size consumers",Czechia,2023,0.1962,,
ESTAT:TEN00117(1.0),27/04/25 11:00:00,Annual,Electrical energy,Euro,Kilowatt-hour,"Non-household, medium size consumers",Czechia,2024,0.1654,,
ESTAT:TEN00117(1.0),27/04/25 11:00:00,Annual,Electrical energy,Euro,Kilowatt-hour,"Non-household, medium size consumers",Germany,2013,0.086,,
ESTAT:TEN00117(1.0),27/04/25 11:00:00,Annual,Electrical energy,Euro,Kilowatt-hour,"Non-household, medium size consumers",Germany,2014,0.0844,,
ESTAT:TEN00117(1.0),27/04/25 11:00:00,Annual,Electrical energy,Euro,Kilowatt-hour,"Non-household, medium size consumers",Germany,2015,0.0809,,
ESTAT:TEN00117(1.0),27/04/25 11:00:00,Annual,Electrical energy,Euro,Kilowatt-hour,"Non-household, medium size consumers",Germany,2016,0.0788,,
ESTAT:TEN00117(1.0),27/04/25 11:00:00,Annual,Electrical energy,Euro,Kilowatt-hour,"Non-household, medium size consumers",Germany,2017,0.0761,,
ESTAT:TEN00117(1.0),27/04/25 11:00:00,Annual,Electrical energy,Euro,Kilowatt-hour,"Non-household, medium size consumers",Germany,2018,0.0771,,
ESTAT:TEN00117(1.0),27/04/25 11:00:00,Annual,Electrical energy,Euro,Kilowatt-hour,"Non-household, medium size consumers",Germany,2019,0.0855,,
ESTAT:TEN00117(1.0),27/04/25 11:00:00,Annual,Electrical energy,Euro,Kilowatt-hour,"Non-household, medium size consumers",Germany,2020,0.0849,,
ESTAT:TEN00117(1.0),27/04/25 11:00:00,Annual,Electrical energy,Euro,Kilowatt-hour,"Non-household, medium size consumers",Germany,2021,0.0908,,
ESTAT:TEN00117(1.0),27/04/25 11:00:00,Annual,Electrical energy,Euro,Kilowatt-hour,"Non-household, medium size consumers",Germany,2022,0.1512,,
ESTAT:TEN00117(1.0),27/04/25 11:00:00,Annual,Electrical energy,Euro,Kilowatt-hour,"Non-household, medium size consumers",Germany,2023,0.1904,,
ESTAT:TEN00117(1.0),27/04/25 11:00:00,Annual,Electrical energy,Euro,Kilowatt-hour,"Non-household, medium size consumers",Germany,2024,0.1976,,
ESTAT:TEN00117(1.0),27/04/25 11:00:00,Annual,Electrical energy,Euro,Kilowatt-hour,"Non-household, medium size consumers",Denmark,2013,0.0661,,
ESTAT:TEN00117(1.0),27/04/25 11:00:00,Annual,Electrical energy,Euro,Kilowatt-hour,"Non-household, medium size consumers",Denmark,2014,0.0654,,
ESTAT:TEN00117(1.0),27/04/25 11:00:00,Annual,Electrical energy,Euro,Kilowatt-hour,"Non-household, medium size consumers",Denmark,2015,0.0591,,
ESTAT:TEN00117(1.0),27/04/25 11:00:00,Annual,Electrical energy,Euro,Kilowatt-hour,"Non-household, medium size consumers",Denmark,2016,0.0588,,
ESTAT:TEN00117(1.0),27/04/25 11:00:00,Annual,Electrical energy,Euro,Kilowatt-hour,"Non-household, medium size consumers",Denmark,2017,0.0616,,
ESTAT:TEN00117(1.0),27/04/25 11:00:00,Annual,Electrical energy,Euro,Kilowatt-hour,"Non-household, medium size consumers",Denmark,2018,0.0593,,
ESTAT:TEN00117(1.0),27/04/25 11:00:00,Annual,Electrical energy,Euro,Kilowatt-hour,"Non-household, medium size consumers",Denmark,2019,0.0635,,
ESTAT:TEN00117(1.0),27/04/25 11:00:00,Annual,Electrical energy,Euro,Kilowatt-hour,"Non-household, medium size consumers",Denmark,2020,0.0540,,
ESTAT:TEN00117(1.0),27/04/25 11:00:00,Annual,Electrical energy,Euro,Kilowatt-hour,"Non-household, medium size consumers",Denmark,2021,0.0725,,
ESTAT:TEN00117(1.0),27/04/25 11:00:00,Annual,Electrical energy,Euro,Kilowatt-hour,"Non-household, medium size consumers",Denmark,2022,0.1595,,
ESTAT:TEN00117(1.0),27/04/25 11:00:00,Annual,Electrical energy,Euro,Kilowatt-hour,"Non-household, medium size consumers",Denmark,2023,0.1325,,
ESTAT:TEN00117(1.0),27/04/25 11:00:00,Annual,Electrical energy,Euro,Kilowatt-hour,"Non-household, medium size consumers",Denmark,2024,0.1042,,
ESTAT:TEN00117(1.0),27/04/25 11:00:00,Annual,Electrical energy,Euro,Kilowatt-hour,"Non-household, medium size consumers",Estonia,2013,0.0842,,
ESTAT:TEN00117(1.0),27/04/25 11:00:00,Annual,Electrical energy,Euro,Kilowatt-hour,"Non-household, medium size consumers",Estonia,2014,0.0794,,
ESTAT:TEN00117(1.0),27/04/25 11:00:00,Annual,Electrical energy,Euro,Kilowatt-hour,"Non-household, medium size consumers",Estonia,2015,0.0755,,
ESTAT:TEN00117(1.0),27/04/25 11:00:00,Annual,Electrical energy,Euro,Kilowatt-hour,"Non-household, medium size consumers",Estonia,2016,0.0737,,
ESTAT:TEN00117(1.0),27/04/25 11:00:00,Annual,Electrical energy,Euro,Kilowatt-hour,"Non-household, medium size consumers",Estonia,2017,0.0721,,
ESTAT:TEN00117(1.0),27/04/25 11:00:00,Annual,Electrical energy,Euro,Kilowatt-hour,"Non-household, medium size consumers",Estonia,2018,0.0731,,
ESTAT:TEN00117(1.0),27/04/25 11:00:00,Annual,Electrical energy,Euro,Kilowatt-hour,"Non-household, medium size consumers",Estonia,2019,0.0768,,
ESTAT:TEN00117(1.0),27/04/25 11:00:00,Annual,Electrical energy,Euro,Kilowatt-hour,"Non-household, medium size consumers",Estonia,2020,0.0675,,
ESTAT:TEN00117(1.0),27/04/25 11:00:00,Annual,Electrical energy,Euro,Kilowatt-hour,"Non-household, medium size consumers",Estonia,2021,0.0834,,
ESTAT:TEN00117(1.0),27/04/25 11:00:00,Annual,Electrical energy,Euro,Kilowatt-hour,"Non-household, medium size consumers",Estonia,2022,0.1502,,
ESTAT:TEN00117(1.0),27/04/25 11:00:00,Annual,Electrical energy,Euro,Kilowatt-hour,"Non-household, medium size consumers",Estonia,2023,0.1433,,
ESTAT:TEN00117(1.0),27/04/25 11:00:00,Annual,Electrical energy,Euro,Kilowatt-hour,"Non-household, medium size consumers",Estonia,2024,0.1313,,
ESTAT:TEN00117(1.0),27/04/25 11:00:00,Annual,Electrical energy,Euro,Kilowatt-hour,"Non-household, medium size consumers",Greece,2013,0.104,,
ESTAT:TEN00117(1.0),27/04/25 11:00:00,Annual,Electrical energy,Euro,Kilowatt-hour,"Non-household, medium size consumers",Greece,2014,0.109,,
ESTAT:TEN00117(1.0),27/04/25 11:00:00,Annual,Electrical energy,Euro,Kilowatt-hour,"Non-household, medium size consumers",Greece,2015,0.1037,,
ESTAT:TEN00117(1.0),27/04/25 11:00:00,Annual,Electrical energy,Euro,Kilowatt-hour,"Non-household, medium size consumers",Greece,2016,0.0929,,
ESTAT:TEN00117(1.0),27/04/25 11:00:00,Annual,Electrical energy,Euro,Kilowatt-hour,"Non-household, medium size consumers",Greece,2017,0.0862,,
ESTAT:TEN00117(1.0),27/04/25 11:00:00,Annual,Electrical energy,Euro,Kilowatt-hour,"Non-household, medium size consumers",Greece,2018,0.0790,,
ESTAT:TEN00117(1.0),27/04/25 11:00:00,Annual,Electrical energy,Euro,Kilowatt-hour,"Non-household, medium size consumers",Greece,2019,0.0810,,
ESTAT:TEN00117(1.0),27/04/25 11:00:00,Annual,Electrical energy,Euro,Kilowatt-hour,"Non-household, medium size consumers",Greece,2020,0.0823,,
ESTAT:TEN00117(1.0),27/04/25 11:00:00,Annual,Electrical energy,Euro,Kilowatt-hour,"Non-household, medium size consumers",Greece,2021,0.0890,,
ESTAT:TEN00117(1.0),27/04/25 11:00:00,Annual,Electrical energy,Euro,Kilowatt-hour,"Non-household, medium size consumers",Greece,2022,0.2830,,
ESTAT:TEN00117(1.0),27/04/25 11:00:00,Annual,Electrical energy,Euro,Kilowatt-hour,"Non-household, medium size consumers",Greece,2023,0.1627,,
ESTAT:TEN00117(1.0),27/04/25 11:00:00,Annual,Electrical energy,Euro,Kilowatt-hour,"Non-household, medium size consumers",Greece,2024,0.1274,,
ESTAT:TEN00117(1.0),27/04/25 11:00:00,Annual,Electrical energy,Euro,Kilowatt-hour,"Non-household, medium size consumers",Spain,2013,0.1165,,
ESTAT:TEN00117(1.0),27/04/25 11:00:00,Annual,Electrical energy,Euro,Kilowatt-hour,"Non-household, medium size consumers",Spain,2014,0.1185,,
ESTAT:TEN00117(1.0),27/04/25 11:00:00,Annual,Electrical energy,Euro,Kilowatt-hour,"Non-household, medium size consumers",Spain,2015,0.1116,,
ESTAT:TEN00117(1.0),27/04/25 11:00:00,Annual,Electrical energy,Euro,Kilowatt-hour,"Non-household, medium size consumers",Spain,2016,0.1051,,
ESTAT:TEN00117(1.0),27/04/25 11:00:00,Annual,Electrical energy,Euro,Kilowatt-hour,"Non-household, medium size consumers",Spain,2017,0.101,,
ESTAT:TEN00117(1.0),27/04/25 11:00:00,Annual,Electrical energy,Euro,Kilowatt-hour,"Non-household, medium size consumers",Spain,2018,0.1008,,
ESTAT:TEN00117(1.0),27/04/25 11:00:00,Annual,Electrical energy,Euro,Kilowatt-hour,"Non-household, medium size consumers",Spain,2019,0.0925,d,
ESTAT:TEN00117(1.0),27/04/25 11:00:00,Annual,Electrical energy,Euro,Kilowatt-hour,"Non-household, medium size consumers",Spain,2020,0.0786,,
ESTAT:TEN00117(1.0),27/04/25 11:00:00,Annual,Electrical energy,Euro,Kilowatt-hour,"Non-household, medium size consumers",Spain,2021,0.0931,,
ESTAT:TEN00117(1.0),27/04/25 11:00:00,Annual,Electrical energy,Euro,Kilowatt-hour,"Non-household, medium size consumers",Spain,2022,0.1769,,
ESTAT:TEN00117(1.0),27/04/25 11:00:00,Annual,Electrical energy,Euro,Kilowatt-hour,"Non-household, medium size consumers",Spain,2023,0.1522,,
ESTAT:TEN00117(1.0),27/04/25 11:00:00,Annual,Electrical energy,Euro,Kilowatt-hour,"Non-household, medium size consumers",Spain,2024,0.1217,,
ESTAT:TEN00117(1.0),27/04/25 11:00:00,Annual,Electrical energy,Euro,Kilowatt-hour,"Non-household, medium size consumers",European Union - 27 countries (from 2020),2013,0.092,,
ESTAT:TEN00117(1.0),27/04/25 11:00:00,Annual,Electrical energy,Euro,Kilowatt-hour,"Non-household, medium size consumers",European Union - 27 countries (from 2020),2014,0.0886,,
ESTAT:TEN00117(1.0),27/04/25 11:00:00,Annual,Electrical energy,Euro,Kilowatt-hour,"Non-household, medium size consumers",European Union - 27 countries (from 2020),2015,0.0842,,
ESTAT:TEN00117(1.0),27/04/25 11:00:00,Annual,Electrical energy,Euro,Kilowatt-hour,"Non-household, medium size consumers",European Union - 27 countries (from 2020),2016,0.0793,,
ESTAT:TEN00117(1.0),27/04/25 11:00:00,Annual,Electrical energy,Euro,Kilowatt-hour,"Non-household, medium size consumers",European Union - 27 countries (from 2020),2017,0.0767,,
ESTAT:TEN00117(1.0),27/04/25 11:00:00,Annual,Electrical energy,Euro,Kilowatt-hour,"Non-household, medium size consumers",European Union - 27 countries (from 2020),2018,0.0779,,
ESTAT:TEN00117(1.0),27/04/25 11:00:00,Annual,Electrical energy,Euro,Kilowatt-hour,"Non-household, medium size consumers",European Union - 27 countries (from 2020),2019,0.0842,,
ESTAT:TEN00117(1.0),27/04/25 11:00:00,Annual,Electrical energy,Euro,Kilowatt-hour,"Non-household, medium size consumers",European Union - 27 countries (from 2020),2020,0.0817,,
ESTAT:TEN00117(1.0),27/04/25 11:00:00,Annual,Electrical energy,Euro,Kilowatt-hour,"Non-household, medium size consumers",European Union - 27 countries (from 2020),2021,0.0859,,
ESTAT:TEN00117(1.0),27/04/25 11:00:00,Annual,Electrical energy,Euro,Kilowatt-hour,"Non-household, medium size consumers",European Union - 27 countries (from 2020),2022,0.1604,,
ESTAT:TEN00117(1.0),27/04/25 11:00:00,Annual,Electrical energy,Euro,Kilowatt-hour,"Non-household, medium size consumers",European Union - 27 countries (from 2020),2023,0.1936,,
ESTAT:TEN00117(1.0),27/04/25 11:00:00,Annual,Electrical energy,Euro,Kilowatt-hour,"Non-household, medium size consumers",European Union - 27 countries (from 2020),2024,0.1558,,
ESTAT:TEN00117(1.0),27/04/25 11:00:00,Annual,Electrical energy,Euro,Kilowatt-hour,"Non-household, medium size consumers",Finland,2013,0.0679,,
ESTAT:TEN00117(1.0),27/04/25 11:00:00,Annual,Electrical energy,Euro,Kilowatt-hour,"Non-household, medium size consumers",Finland,2014,0.0664,,
ESTAT:TEN00117(1.0),27/04/25 11:00:00,Annual,Electrical energy,Euro,Kilowatt-hour,"Non-household, medium size consumers",Finland,2015,0.0637,,
ESTAT:TEN00117(1.0),27/04/25 11:00:00,Annual,Electrical energy,Euro,Kilowatt-hour,"Non-household, medium size consumers",Finland,2016,0.0614,,
ESTAT:TEN00117(1.0),27/04/25 11:00:00,Annual,Electrical energy,Euro,Kilowatt-hour,"Non-household, medium size consumers",Finland,2017,0.0596,,
ESTAT:TEN00117(1.0),27/04/25 11:00:00,Annual,Electrical energy,Euro,Kilowatt-hour,"Non-household, medium size consumers",Finland,2018,0.0611,,
ESTAT:TEN00117(1.0),27/04/25 11:00:00,Annual,Electrical energy,Euro,Kilowatt-hour,"Non-household, medium size consumers",Finland,2019,0.0639,,
ESTAT:TEN00117(1.0),27/04/25 11:00:00,Annual,Electrical energy,Euro,Kilowatt-hour,"Non-household, medium size consumers",Finland,2020,0.0625,,
ESTAT:TEN00117(1.0),27/04/25 11:00:00,Annual,Electrical energy,Euro,Kilowatt-hour,"Non-household, medium size consumers",Finland,2021,0.0669,,
ESTAT:TEN00117(1.0),27/04/25 11:00:00,Annual,Electrical energy,Euro,Kilowatt-hour,"Non-household, medium size consumers",Finland,2022,0.0802,,
ESTAT:TEN00117(1.0),27/04/25 11:00:00,Annual,Electrical energy,Euro,Kilowatt-hour,"Non-household, medium size consumers",Finland,2023,0.0951,,
ESTAT:TEN00117(1.0),27/04/25 11:00:00,Annual,Electrical energy,Euro,Kilowatt-hour,"Non-household, medium size consumers",Finland,2024,0.0865,d,
ESTAT:TEN00117(1.0),27/04/25 11:00:00,Annual,Electrical energy,Euro,Kilowatt-hour,"Non-household, medium size consumers",France,2013,0.0781,,
ESTAT:TEN00117(1.0),27/04/25 11:00:00,Annual,Electrical energy,Euro,Kilowatt-hour,"Non-household, medium size consumers",France,2014,0.0765,,
ESTAT:TEN00117(1.0),27/04/25 11:00:00,Annual,Electrical energy,Euro,Kilowatt-hour,"Non-household, medium size consumers",France,2015,0.0776,,
ESTAT:TEN00117(1.0),27/04/25 11:00:00,Annual,Electrical energy,Euro,Kilowatt-hour,"Non-household, medium size consumers",France,2016,0.0714,,
ESTAT:TEN00117(1.0),27/04/25 11:00:00,Annual,Electrical energy,Euro,Kilowatt-hour,"Non-household, medium size consumers",France,2017,0.0733,,
ESTAT:TEN00117(1.0),27/04/25 11:00:00,Annual,Electrical energy,Euro,Kilowatt-hour,"Non-household, medium size consumers",France,2018,0.0736,,
ESTAT:TEN00117(1.0),27/04/25 11:00:00,Annual,Electrical energy,Euro,Kilowatt-hour,"Non-household, medium size consumers",France,2019,0.0812,,
ESTAT:TEN00117(1.0),27/04/25 11:00:00,Annual,Electrical energy,Euro,Kilowatt-hour,"Non-household, medium size consumers",France,2020,0.0847,,
ESTAT:TEN00117(1.0),27/04/25 11:00:00,Annual,Electrical energy,Euro,Kilowatt-hour,"Non-household, medium size consumers",France,2021,0.0850,,
ESTAT:TEN00117(1.0),27/04/25 11:00:00,Annual,Electrical energy,Euro,Kilowatt-hour,"Non-household, medium size consumers",France,2022,0.1203,,
ESTAT:TEN00117(1.0),27/04/25 11:00:00,Annual,Electrical energy,Euro,Kilowatt-hour,"Non-household, medium size consumers",France,2023,0.2506,,
ESTAT:TEN00117(1.0),27/04/25 11:00:00,Annual,Electrical energy,Euro,Kilowatt-hour,"Non-household, medium size consumers",France,2024,0.1639,,
ESTAT:TEN00117(1.0),27/04/25 11:00:00,Annual,Electrical energy,Euro,Kilowatt-hour,"Non-household, medium size consumers",Georgia,2018,0.0489,,
ESTAT:TEN00117(1.0),27/04/25 11:00:00,Annual,Electrical energy,Euro,Kilowatt-hour,"Non-household, medium size consumers",Georgia,2019,0.0595,,
ESTAT:TEN00117(1.0),27/04/25 11:00:00,Annual,Electrical energy,Euro,Kilowatt-hour,"Non-household, medium size consumers",Georgia,2020,0.0505,,
ESTAT:TEN00117(1.0),27/04/25 11:00:00,Annual,Electrical energy,Euro,Kilowatt-hour,"Non-household, medium size consumers",Georgia,2021,0.0713,,
ESTAT:TEN00117(1.0),27/04/25 11:00:00,Annual,Electrical energy,Euro,Kilowatt-hour,"Non-household, medium size consumers",Georgia,2023,0.0928,,
ESTAT:TEN00117(1.0),27/04/25 11:00:00,Annual,Electrical energy,Euro,Kilowatt-hour,"Non-household, medium size consumers",Georgia,2024,0.0814,,
ESTAT:TEN00117(1.0),27/04/25 11:00:00,Annual,Electrical energy,Euro,Kilowatt-hour,"Non-household, medium size consumers",Croatia,2013,0.0942,,
ESTAT:TEN00117(1.0),27/04/25 11:00:00,Annual,Electrical energy,Euro,Kilowatt-hour,"Non-household, medium size consumers",Croatia,2014,0.0903,,
ESTAT:TEN00117(1.0),27/04/25 11:00:00,Annual,Electrical energy,Euro,Kilowatt-hour,"Non-household, medium size consumers",Croatia,2015,0.0869,,
ESTAT:TEN00117(1.0),27/04/25 11:00:00,Annual,Electrical energy,Euro,Kilowatt-hour,"Non-household, medium size consumers",Croatia,2016,0.0851,,
ESTAT:TEN00117(1.0),27/04/25 11:00:00,Annual,Electrical energy,Euro,Kilowatt-hour,"Non-household, medium size consumers",Croatia,2017,0.0821,,
ESTAT:TEN00117(1.0),27/04/25 11:00:00,Annual,Electrical energy,Euro,Kilowatt-hour,"Non-household, medium size consumers",Croatia,2018,0.0848,,
ESTAT:TEN00117(1.0),27/04/25 11:00:00,Annual,Electrical energy,Euro,Kilowatt-hour,"Non-household, medium size consumers",Croatia,2019,0.0887,,
ESTAT:TEN00117(1.0),27/04/25 11:00:00,Annual,Electrical energy,Euro,Kilowatt-hour,"Non-household, medium size consumers",Croatia,2020,0.0898,,
ESTAT:TEN00117(1.0),27/04/25 11:00:00,Annual,Electrical energy,Euro,Kilowatt-hour,"Non-household, medium size consumers",Croatia,2021,0.0881,,
ESTAT:TEN00117(1.0),27/04/25 11:00:00,Annual,Electrical energy,Euro,Kilowatt-hour,"Non-household, medium size consumers",Croatia,2022,0.1410,,
ESTAT:TEN00117(1.0),27/04/25 11:00:00,Annual,Electrical energy,Euro,Kilowatt-hour,"Non-household, medium size consumers",Croatia,2023,0.2780,,
ESTAT:TEN00117(1.0),27/04/25 11:00:00,Annual,Electrical energy,Euro,Kilowatt-hour,"Non-household, medium size consumers",Croatia,2024,0.2169,,
ESTAT:TEN00117(1.0),27/04/25 11:00:00,Annual,Electrical energy,Euro,Kilowatt-hour,"Non-household, medium size consumers",Hungary,2013,0.0904,,
ESTAT:TEN00117(1.0),27/04/25 11:00:00,Annual,Electrical energy,Euro,Kilowatt-hour,"Non-household, medium size consumers",Hungary,2014,0.0836,,
ESTAT:TEN00117(1.0),27/04/25 11:00:00,Annual,Electrical energy,Euro,Kilowatt-hour,"Non-household, medium size consumers",Hungary,2015,0.0778,,
ESTAT:TEN00117(1.0),27/04/25 11:00:00,Annual,Electrical energy,Euro,Kilowatt-hour,"Non-household, medium size consumers",Hungary,2016,0.0729,,
ESTAT:TEN00117(1.0),27/04/25 11:00:00,Annual,Electrical energy,Euro,Kilowatt-hour,"Non-household, medium size consumers",Hungary,2017,0.0638,e,
ESTAT:TEN00117(1.0),27/04/25 11:00:00,Annual,Electrical energy,Euro,Kilowatt-hour,"Non-household, medium size consumers",Hungary,2018,0.0738,,
ESTAT:TEN00117(1.0),27/04/25 11:00:00,Annual,Electrical energy,Euro,Kilowatt-hour,"Non-household, medium size consumers",Hungary,2019,0.0861,,
ESTAT:TEN00117(1.0),27/04/25 11:00:00,Annual,Electrical energy,Euro,Kilowatt-hour,"Non-household, medium size consumers",Hungary,2020,0.0849,,
ESTAT:TEN00117(1.0),27/04/25 11:00:00,Annual,Electrical energy,Euro,Kilowatt-hour,"Non-household, medium size consumers",Hungary,2021,0.0819,,
ESTAT:TEN00117(1.0),27/04/25 11:00:00,Annual,Electrical energy,Euro,Kilowatt-hour,"Non-household, medium size consumers",Hungary,2022,0.1739,,
ESTAT:TEN00117(1.0),27/04/25 11:00:00,Annual,Electrical energy,Euro,Kilowatt-hour,"Non-household, medium size consumers",Hungary,2023,0.2996,,
ESTAT:TEN00117(1.0),27/04/25 11:00:00,Annual,Electrical energy,Euro,Kilowatt-hour,"Non-household, medium size consumers",Hungary,2024,0.2055,,
ESTAT:TEN00117(1.0),27/04/25 11:00:00,Annual,Electrical energy,Euro,Kilowatt-hour,"Non-household, medium size consumers",Ireland,2013,0.1331,,
ESTAT:TEN00117(1.0),27/04/25 11:00:00,Annual,Electrical energy,Euro,Kilowatt-hour,"Non-household, medium size consumers",Ireland,2014,0.1303,,
ESTAT:TEN00117(1.0),27/04/25 11:00:00,Annual,Electrical energy,Euro,Kilowatt-hour,"Non-household, medium size consumers",Ireland,2015,0.1294,,
ESTAT:TEN00117(1.0),27/04/25 11:00:00,Annual,Electrical energy,Euro,Kilowatt-hour,"Non-household, medium size consumers",Ireland,2016,0.1198,,
ESTAT:TEN00117(1.0),27/04/25 11:00:00,Annual,Electrical energy,Euro,Kilowatt-hour,"Non-household, medium size consumers",Ireland,2017,0.1095,,
ESTAT:TEN00117(1.0),27/04/25 11:00:00,Annual,Electrical energy,Euro,Kilowatt-hour,"Non-household, medium size consumers",Ireland,2018,0.1171,,
ESTAT:TEN00117(1.0),27/04/25 11:00:00,Annual,Electrical energy,Euro,Kilowatt-hour,"Non-household, medium size consumers",Ireland,2019,0.1294,,
ESTAT:TEN00117(1.0),27/04/25 11:00:00,Annual,Electrical energy,Euro,Kilowatt-hour,"Non-household, medium size consumers",Ireland,2020,0.1265,,
ESTAT:TEN00117(1.0),27/04/25 11:00:00,Annual,Electrical energy,Euro,Kilowatt-hour,"Non-household, medium size consumers",Ireland,2021,0.1378,,
ESTAT:TEN00117(1.0),27/04/25 11:00:00,Annual,Electrical energy,Euro,Kilowatt-hour,"Non-household, medium size consumers",Ireland,2022,0.2104,,
ESTAT:TEN00117(1.0),27/04/25 11:00:00,Annual,Electrical energy,Euro,Kilowatt-hour,"Non-household, medium size consumers",Ireland,2023,0.2940,,
ESTAT:TEN00117(1.0),27/04/25 11:00:00,Annual,Electrical energy,Euro,Kilowatt-hour,"Non-household, medium size consumers",Ireland,2024,0.2543,,
ESTAT:TEN00117(1.0),27/04/25 11:00:00,Annual,Electrical energy,Euro,Kilowatt-hour,"Non-household, medium size consumers",Iceland,2016,0.0714,,
ESTAT:TEN00117(1.0),27/04/25 11:00:00,Annual,Electrical energy,Euro,Kilowatt-hour,"Non-household, medium size consumers",Iceland,2017,0.0768,p,
ESTAT:TEN00117(1.0),27/04/25 11:00:00,Annual,Electrical energy,Euro,Kilowatt-hour,"Non-household, medium size consumers",Iceland,2018,0.0756,e,
ESTAT:TEN00117(1.0),27/04/25 11:00:00,Annual,Electrical energy,Euro,Kilowatt-hour,"Non-household, medium size consumers",Iceland,2019,0.0558,,
ESTAT:TEN00117(1.0),27/04/25 11:00:00,Annual,Electrical energy,Euro,Kilowatt-hour,"Non-household, medium size consumers",Iceland,2020,0.0713,e,
ESTAT:TEN00117(1.0),27/04/25 11:00:00,Annual,Electrical energy,Euro,Kilowatt-hour,"Non-household, medium size consumers",Iceland,2021,0.0449,e,
ESTAT:TEN00117(1.0),27/04/25 11:00:00,Annual,Electrical energy,Euro,Kilowatt-hour,"Non-household, medium size consumers",Iceland,2022,0.0732,e,
ESTAT:TEN00117(1.0),27/04/25 11:00:00,Annual,Electrical energy,Euro,Kilowatt-hour,"Non-household, medium size consumers",Iceland,2023,0.0757,e,
ESTAT:TEN00117(1.0),27/04/25 11:00:00,Annual,Electrical energy,Euro,Kilowatt-hour,"Non-household, medium size consumers",Iceland,2024,0.0835,e,
ESTAT:TEN00117(1.0),27/04/25 11:00:00,Annual,Electrical energy,Euro,Kilowatt-hour,"Non-household, medium size consumers",Italy,2013,0.1122,,
ESTAT:TEN00117(1.0),27/04/25 11:00:00,Annual,Electrical energy,Euro,Kilowatt-hour,"Non-household, medium size consumers",Italy,2014,0.108,,
ESTAT:TEN00117(1.0),27/04/25 11:00:00,Annual,Electrical energy,Euro,Kilowatt-hour,"Non-household, medium size consumers",Italy,2015,0.0943,,
ESTAT:TEN00117(1.0),27/04/25 11:00:00,Annual,Electrical energy,Euro,Kilowatt-hour,"Non-household, medium size consumers",Italy,2016,0.0841,,
ESTAT:TEN00117(1.0),27/04/25 11:00:00,Annual,Electrical energy,Euro,Kilowatt-hour,"Non-household, medium size consumers",Italy,2017,0.0829,,
ESTAT:TEN00117(1.0),27/04/25 11:00:00,Annual,Electrical energy,Euro,Kilowatt-hour,"Non-household, medium size consumers",Italy,2018,0.0892,,
ESTAT:TEN00117(1.0),27/04/25 11:00:00,Annual,Electrical energy,Euro,Kilowatt-hour,"Non-household, medium size consumers",Italy,2019,0.0952,,
ESTAT:TEN00117(1.0),27/04/25 11:00:00,Annual,Electrical energy,Euro,Kilowatt-hour,"Non-household, medium size consumers",Italy,2020,0.0856,,
ESTAT:TEN00117(1.0),27/04/25 11:00:00,Annual,Electrical energy,Euro,Kilowatt-hour,"Non-household, medium size consumers",Italy,2021,0.0939,,
ESTAT:TEN00117(1.0),27/04/25 11:00:00,Annual,Electrical energy,Euro,Kilowatt-hour,"Non-household, medium size consumers",Italy,2022,0.2354,,
ESTAT:TEN00117(1.0),27/04/25 11:00:00,Annual,Electrical energy,Euro,Kilowatt-hour,"Non-household, medium size consumers",Italy,2023,0.2031,,
ESTAT:TEN00117(1.0),27/04/25 11:00:00,Annual,Electrical energy,Euro,Kilowatt-hour,"Non-household, medium size consumers",Italy,2024,0.1515,,
ESTAT:TEN00117(1.0),27/04/25 11:00:00,Annual,Electrical energy,Euro,Kilowatt-hour,"Non-household, medium size consumers",Liechtenstein,2014,0.1359,,
ESTAT:TEN00117(1.0),27/04/25 11:00:00,Annual,Electrical energy,Euro,Kilowatt-hour,"Non-household, medium size consumers",Liechtenstein,2015,0.1426,,
ESTAT:TEN00117(1.0),27/04/25 11:00:00,Annual,Electrical energy,Euro,Kilowatt-hour,"Non-household, medium size consumers",Liechtenstein,2016,0.1255,,
ESTAT:TEN00117(1.0),27/04/25 11:00:00,Annual,Electrical energy,Euro,Kilowatt-hour,"Non-household, medium size consumers",Liechtenstein,2017,0.1156,,
ESTAT:TEN00117(1.0),27/04/25 11:00:00,Annual,Electrical energy,Euro,Kilowatt-hour,"Non-household, medium size consumers",Liechtenstein,2018,0.0739,,
ESTAT:TEN00117(1.0),27/04/25 11:00:00,Annual,Electrical energy,Euro,Kilowatt-hour,"Non-household, medium size consumers",Liechtenstein,2019,0.0824,,
ESTAT:TEN00117(1.0),27/04/25 11:00:00,Annual,Electrical energy,Euro,Kilowatt-hour,"Non-household, medium size consumers",Liechtenstein,2020,0.0880,,
ESTAT:TEN00117(1.0),27/04/25 11:00:00,Annual,Electrical energy,Euro,Kilowatt-hour,"Non-household, medium size consumers",Liechtenstein,2021,0.0863,,
ESTAT:TEN00117(1.0),27/04/25 11:00:00,Annual,Electrical energy,Euro,Kilowatt-hour,"Non-household, medium size consumers",Liechtenstein,2022,0.1260,,
ESTAT:TEN00117(1.0),27/04/25 11:00:00,Annual,Electrical energy,Euro,Kilowatt-hour,"Non-household, medium size consumers",Liechtenstein,2023,0.3102,,
ESTAT:TEN00117(1.0),27/04/25 11:00:00,Annual,Electrical energy,Euro,Kilowatt-hour,"Non-household, medium size consumers",Liechtenstein,2024,0.1889,,
ESTAT:TEN00117(1.0),27/04/25 11:00:00,Annual,Electrical energy,Euro,Kilowatt-hour,"Non-household, medium size consumers",Lithuania,2013,0.0956,,
ESTAT:TEN00117(1.0),27/04/25 11:00:00,Annual,Electrical energy,Euro,Kilowatt-hour,"Non-household, medium size consumers",Lithuania,2014,0.0958,,
ESTAT:TEN00117(1.0),27/04/25 11:00:00,Annual,Electrical energy,Euro,Kilowatt-hour,"Non-household, medium size consumers",Lithuania,2015,0.0818,,
ESTAT:TEN00117(1.0),27/04/25 11:00:00,Annual,Electrical energy,Euro,Kilowatt-hour,"Non-household, medium size consumers",Lithuania,2016,0.0777,,
ESTAT:TEN00117(1.0),27/04/25 11:00:00,Annual,Electrical energy,Euro,Kilowatt-hour,"Non-household, medium size consumers",Lithuania,2017,0.0696,,
ESTAT:TEN00117(1.0),27/04/25 11:00:00,Annual,Electrical energy,Euro,Kilowatt-hour,"Non-household, medium size consumers",Lithuania,2018,0.0701,,
ESTAT:TEN00117(1.0),27/04/25 11:00:00,Annual,Electrical energy,Euro,Kilowatt-hour,"Non-household, medium size consumers",Lithuania,2019,0.0833,,
ESTAT:TEN00117(1.0),27/04/25 11:00:00,Annual,Electrical energy,Euro,Kilowatt-hour,"Non-household, medium size consumers",Lithuania,2020,0.0871,,
ESTAT:TEN00117(1.0),27/04/25 11:00:00,Annual,Electrical energy,Euro,Kilowatt-hour,"Non-household, medium size consumers",Lithuania,2021,0.0932,,
ESTAT:TEN00117(1.0),27/04/25 11:00:00,Annual,Electrical energy,Euro,Kilowatt-hour,"Non-household, medium size consumers",Lithuania,2022,0.1758,,
ESTAT:TEN00117(1.0),27/04/25 11:00:00,Annual,Electrical energy,Euro,Kilowatt-hour,"Non-household, medium size consumers",Lithuania,2023,0.1741,,
ESTAT:TEN00117(1.0),27/04/25 11:00:00,Annual,Electrical energy,Euro,Kilowatt-hour,"Non-household, medium size consumers",Lithuania,2024,0.1684,,
ESTAT:TEN00117(1.0),27/04/25 11:00:00,Annual,Electrical energy,Euro,Kilowatt-hour,"Non-household, medium size consumers",Luxembourg,2013,0.094,,
ESTAT:TEN00117(1.0),27/04/25 11:00:00,Annual,Electrical energy,Euro,Kilowatt-hour,"Non-household, medium size consumers",Luxembourg,2014,0.0949,,
ESTAT:TEN00117(1.0),27/04/25 11:00:00,Annual,Electrical energy,Euro,Kilowatt-hour,"Non-household, medium size consumers",Luxembourg,2015,0.0842,,
ESTAT:TEN00117(1.0),27/04/25 11:00:00,Annual,Electrical energy,Euro,Kilowatt-hour,"Non-household, medium size consumers",Luxembourg,2016,0.0784,,
ESTAT:TEN00117(1.0),27/04/25 11:00:00,Annual,Electrical energy,Euro,Kilowatt-hour,"Non-household, medium size consumers",Luxembourg,2017,0.0696,,
ESTAT:TEN00117(1.0),27/04/25 11:00:00,Annual,Electrical energy,Euro,Kilowatt-hour,"Non-household, medium size consumers",Luxembourg,2018,0.0746,,
ESTAT:TEN00117(1.0),27/04/25 11:00:00,Annual,Electrical energy,Euro,Kilowatt-hour,"Non-household, medium size consumers",Luxembourg,2019,0.0816,,
ESTAT:TEN00117(1.0),27/04/25 11:00:00,Annual,Electrical energy,Euro,Kilowatt-hour,"Non-household, medium size consumers",Luxembourg,2020,0.0824,,
ESTAT:TEN00117(1.0),27/04/25 11:00:00,Annual,Electrical energy,Euro,Kilowatt-hour,"Non-household, medium size consumers",Luxembourg,2021,0.0836,,
ESTAT:TEN00117(1.0),27/04/25 11:00:00,Annual,Electrical energy,Euro,Kilowatt-hour,"Non-household, medium size consumers",Luxembourg,2022,0.1230,,
ESTAT:TEN00117(1.0),27/04/25 11:00:00,Annual,Electrical energy,Euro,Kilowatt-hour,"Non-household, medium size consumers",Luxembourg,2023,0.2477,,
ESTAT:TEN00117(1.0),27/04/25 11:00:00,Annual,Electrical energy,Euro,Kilowatt-hour,"Non-household, medium size consumers",Luxembourg,2024,0.2041,,
ESTAT:TEN00117(1.0),27/04/25 11:00:00,Annual,Electrical energy,Euro,Kilowatt-hour,"Non-household, medium size consumers",Latvia,2013,0.095,,
ESTAT:TEN00117(1.0),27/04/25 11:00:00,Annual,Electrical energy,Euro,Kilowatt-hour,"Non-household, medium size consumers",Latvia,2014,0.0903,,
ESTAT:TEN00117(1.0),27/04/25 11:00:00,Annual,Electrical energy,Euro,Kilowatt-hour,"Non-household, medium size consumers",Latvia,2015,0.091,,
ESTAT:TEN00117(1.0),27/04/25 11:00:00,Annual,Electrical energy,Euro,Kilowatt-hour,"Non-household, medium size consumers",Latvia,2016,0.0897,,
ESTAT:TEN00117(1.0),27/04/25 11:00:00,Annual,Electrical energy,Euro,Kilowatt-hour,"Non-household, medium size consumers",Latvia,2017,0.0911,,
ESTAT:TEN00117(1.0),27/04/25 11:00:00,Annual,Electrical energy,Euro,Kilowatt-hour,"Non-household, medium size consumers",Latvia,2018,0.0811,,
ESTAT:TEN00117(1.0),27/04/25 11:00:00,Annual,Electrical energy,Euro,Kilowatt-hour,"Non-household, medium size consumers",Latvia,2019,0.0837,,
ESTAT:TEN00117(1.0),27/04/25 11:00:00,Annual,Electrical energy,Euro,Kilowatt-hour,"Non-household, medium size consumers",Latvia,2020,0.0813,,
ESTAT:TEN00117(1.0),27/04/25 11:00:00,Annual,Electrical energy,Euro,Kilowatt-hour,"Non-household, medium size consumers",Latvia,2021,0.0849,,
ESTAT:TEN00117(1.0),27/04/25 11:00:00,Annual,Electrical energy,Euro,Kilowatt-hour,"Non-household, medium size consumers",Latvia,2022,0.1467,,
ESTAT:TEN00117(1.0),27/04/25 11:00:00,Annual,Electrical energy,Euro,Kilowatt-hour,"Non-household, medium size consumers",Latvia,2023,0.1685,,
ESTAT:TEN00117(1.0),27/04/25 11:00:00,Annual,Electrical energy,Euro,Kilowatt-hour,"Non-household, medium size consumers",Latvia,2024,0.1451,,
ESTAT:TEN00117(1.0),27/04/25 11:00:00,Annual,Electrical energy,Euro,Kilowatt-hour,"Non-household, medium size consumers",Moldova,2015,0.0707,,
ESTAT:TEN00117(1.0),27/04/25 11:00:00,Annual,Electrical energy,Euro,Kilowatt-hour,"Non-household, medium size consumers",Moldova,2016,0.0827,,
ESTAT:TEN00117(1.0),27/04/25 11:00:00,Annual,Electrical energy,Euro,Kilowatt-hour,"Non-household, medium size consumers",Moldova,2017,0.0828,,
ESTAT:TEN00117(1.0),27/04/25 11:00:00,Annual,Electrical energy,Euro,Kilowatt-hour,"Non-household, medium size consumers",Moldova,2018,0.0880,,
ESTAT:TEN00117(1.0),27/04/25 11:00:00,Annual,Electrical energy,Euro,Kilowatt-hour,"Non-household, medium size consumers",Moldova,2019,0.0771,,
ESTAT:TEN00117(1.0),27/04/25 11:00:00,Annual,Electrical energy,Euro,Kilowatt-hour,"Non-household, medium size consumers",Moldova,2020,0.0795,,
ESTAT:TEN00117(1.0),27/04/25 11:00:00,Annual,Electrical energy,Euro,Kilowatt-hour,"Non-household, medium size consumers",Moldova,2021,0.0633,,
ESTAT:TEN00117(1.0),27/04/25 11:00:00,Annual,Electrical energy,Euro,Kilowatt-hour,"Non-household, medium size consumers",Moldova,2022,0.0761,,
ESTAT:TEN00117(1.0),27/04/25 11:00:00,Annual,Electrical energy,Euro,Kilowatt-hour,"Non-household, medium size consumers",Moldova,2023,0.1465,,
ESTAT:TEN00117(1.0),27/04/25 11:00:00,Annual,Electrical energy,Euro,Kilowatt-hour,"Non-household, medium size consumers",Moldova,2024,0.0989,,
ESTAT:TEN00117(1.0),27/04/25 11:00:00,Annual,Electrical energy,Euro,Kilowatt-hour,"Non-household, medium size consumers",Montenegro,2013,0.0747,,
ESTAT:TEN00117(1.0),27/04/25 11:00:00,Annual,Electrical energy,Euro,Kilowatt-hour,"Non-household, medium size consumers",Montenegro,2014,0.0761,,
ESTAT:TEN00117(1.0),27/04/25 11:00:00,Annual,Electrical energy,Euro,Kilowatt-hour,"Non-household, medium size consumers",Montenegro,2015,0.0766,,
ESTAT:TEN00117(1.0),27/04/25 11:00:00,Annual,Electrical energy,Euro,Kilowatt-hour,"Non-household, medium size consumers",Montenegro,2016,0.0794,,
ESTAT:TEN00117(1.0),27/04/25 11:00:00,Annual,Electrical energy,Euro,Kilowatt-hour,"Non-household, medium size consumers",Montenegro,2017,0.0724,,
ESTAT:TEN00117(1.0),27/04/25 11:00:00,Annual,Electrical energy,Euro,Kilowatt-hour,"Non-household, medium size consumers",Montenegro,2018,0.0765,,
ESTAT:TEN00117(1.0),27/04/25 11:00:00,Annual,Electrical energy,Euro,Kilowatt-hour,"Non-household, medium size consumers",Montenegro,2019,0.0776,,
ESTAT:TEN00117(1.0),27/04/25 11:00:00,Annual,Electrical energy,Euro,Kilowatt-hour,"Non-household, medium size consumers",Montenegro,2020,0.0766,,
ESTAT:TEN00117(1.0),27/04/25 11:00:00,Annual,Electrical energy,Euro,Kilowatt-hour,"Non-household, medium size consumers",Montenegro,2021,0.0773,,
ESTAT:TEN00117(1.0),27/04/25 11:00:00,Annual,Electrical energy,Euro,Kilowatt-hour,"Non-household, medium size consumers",Montenegro,2022,0.0762,,
ESTAT:TEN00117(1.0),27/04/25 11:00:00,Annual,Electrical energy,Euro,Kilowatt-hour,"Non-household, medium size consumers",Montenegro,2023,0.0768,,
ESTAT:TEN00117(1.0),27/04/25 11:00:00,Annual,Electrical energy,Euro,Kilowatt-hour,"Non-household, medium size consumers",Montenegro,2024,0.0800,,
ESTAT:TEN00117(1.0),27/04/25 11:00:00,Annual,Electrical energy,Euro,Kilowatt-hour,"Non-household, medium size consumers",North Macedonia,2013,0.0391,,
ESTAT:TEN00117(1.0),27/04/25 11:00:00,Annual,Electrical energy,Euro,Kilowatt-hour,"Non-household, medium size consumers",North Macedonia,2014,0.0419,,
ESTAT:TEN00117(1.0),27/04/25 11:00:00,Annual,Electrical energy,Euro,Kilowatt-hour,"Non-household, medium size consumers",North Macedonia,2015,0.0836,,
ESTAT:TEN00117(1.0),27/04/25 11:00:00,Annual,Electrical energy,Euro,Kilowatt-hour,"Non-household, medium size consumers",North Macedonia,2016,0.0819,,
ESTAT:TEN00117(1.0),27/04/25 11:00:00,Annual,Electrical energy,Euro,Kilowatt-hour,"Non-household, medium size consumers",North Macedonia,2017,0.0524,,
ESTAT:TEN00117(1.0),27/04/25 11:00:00,Annual,Electrical energy,Euro,Kilowatt-hour,"Non-household, medium size consumers",North Macedonia,2018,0.0624,,
ESTAT:TEN00117(1.0),27/04/25 11:00:00,Annual,Electrical energy,Euro,Kilowatt-hour,"Non-household, medium size consumers",North Macedonia,2019,0.0687,,
ESTAT:TEN00117(1.0),27/04/25 11:00:00,Annual,Electrical energy,Euro,Kilowatt-hour,"Non-household, medium size consumers",North Macedonia,2020,0.0778,,
ESTAT:TEN00117(1.0),27/04/25 11:00:00,Annual,Electrical energy,Euro,Kilowatt-hour,"Non-household, medium size consumers",North Macedonia,2021,0.0752,,
ESTAT:TEN00117(1.0),27/04/25 11:00:00,Annual,Electrical energy,Euro,Kilowatt-hour,"Non-household, medium size consumers",North Macedonia,2022,0.1685,,
ESTAT:TEN00117(1.0),27/04/25 11:00:00,Annual,Electrical energy,Euro,Kilowatt-hour,"Non-household, medium size consumers",North Macedonia,2023,0.1690,,
ESTAT:TEN00117(1.0),27/04/25 11:00:00,Annual,Electrical energy,Euro,Kilowatt-hour,"Non-household, medium size consumers",North Macedonia,2024,0.1006,,
ESTAT:TEN00117(1.0),27/04/25 11:00:00,Annual,Electrical energy,Euro,Kilowatt-hour,"Non-household, medium size consumers",Malta,2013,0.179,,
ESTAT:TEN00117(1.0),27/04/25 11:00:00,Annual,Electrical energy,Euro,Kilowatt-hour,"Non-household, medium size consumers",Malta,2014,0.177,,
ESTAT:TEN00117(1.0),27/04/25 11:00:00,Annual,Electrical energy,Euro,Kilowatt-hour,"Non-household, medium size consumers",Malta,2015,0.1599,,
ESTAT:TEN00117(1.0),27/04/25 11:00:00,Annual,Electrical energy,Euro,Kilowatt-hour,"Non-household, medium size consumers",Malta,2016,0.1422,,
ESTAT:TEN00117(1.0),27/04/25 11:00:00,Annual,Electrical energy,Euro,Kilowatt-hour,"Non-household, medium size consumers",Malta,2017,0.1336,,
ESTAT:TEN00117(1.0),27/04/25 11:00:00,Annual,Electrical energy,Euro,Kilowatt-hour,"Non-household, medium size consumers",Malta,2018,0.1331,,
ESTAT:TEN00117(1.0),27/04/25 11:00:00,Annual,Electrical energy,Euro,Kilowatt-hour,"Non-household, medium size consumers",Malta,2019,0.1330,,
ESTAT:TEN00117(1.0),27/04/25 11:00:00,Annual,Electrical energy,Euro,Kilowatt-hour,"Non-household, medium size consumers",Malta,2020,0.1328,,
ESTAT:TEN00117(1.0),27/04/25 11:00:00,Annual,Electrical energy,Euro,Kilowatt-hour,"Non-household, medium size consumers",Malta,2021,0.1330,,
ESTAT:TEN00117(1.0),27/04/25 11:00:00,Annual,Electrical energy,Euro,Kilowatt-hour,"Non-household, medium size consumers",Malta,2022,0.1332,,
ESTAT:TEN00117(1.0),27/04/25 11:00:00,Annual,Electrical energy,Euro,Kilowatt-hour,"Non-household, medium size consumers",Malta,2023,0.1396,,
ESTAT:TEN00117(1.0),27/04/25 11:00:00,Annual,Electrical energy,Euro,Kilowatt-hour,"Non-household, medium size consumers",Malta,2024,0.1394,,
ESTAT:TEN00117(1.0),27/04/25 11:00:00,Annual,Electrical energy,Euro,Kilowatt-hour,"Non-household, medium size consumers",Netherlands,2013,0.0795,,
ESTAT:TEN00117(1.0),27/04/25 11:00:00,Annual,Electrical energy,Euro,Kilowatt-hour,"Non-household, medium size consumers",Netherlands,2014,0.0769,,
ESTAT:TEN00117(1.0),27/04/25 11:00:00,Annual,Electrical energy,Euro,Kilowatt-hour,"Non-household, medium size consumers",Netherlands,2015,0.0722,,
ESTAT:TEN00117(1.0),27/04/25 11:00:00,Annual,Electrical energy,Euro,Kilowatt-hour,"Non-household, medium size consumers",Netherlands,2016,0.0652,,
ESTAT:TEN00117(1.0),27/04/25 11:00:00,Annual,Electrical energy,Euro,Kilowatt-hour,"Non-household, medium size consumers",Netherlands,2017,0.0607,,
ESTAT:TEN00117(1.0),27/04/25 11:00:00,Annual,Electrical energy,Euro,Kilowatt-hour,"Non-household, medium size consumers",Netherlands,2018,0.0611,,
ESTAT:TEN00117(1.0),27/04/25 11:00:00,Annual,Electrical energy,Euro,Kilowatt-hour,"Non-household, medium size consumers",Netherlands,2019,0.0679,,
ESTAT:TEN00117(1.0),27/04/25 11:00:00,Annual,Electrical energy,Euro,Kilowatt-hour,"Non-household, medium size consumers",Netherlands,2020,0.0680,,
ESTAT:TEN00117(1.0),27/04/25 11:00:00,Annual,Electrical energy,Euro,Kilowatt-hour,"Non-household, medium size consumers",Netherlands,2021,0.0721,,
ESTAT:TEN00117(1.0),27/04/25 11:00:00,Annual,Electrical energy,Euro,Kilowatt-hour,"Non-household, medium size consumers",Netherlands,2022,0.1339,,
ESTAT:TEN00117(1.0),27/04/25 11:00:00,Annual,Electrical energy,Euro,Kilowatt-hour,"Non-household, medium size consumers",Netherlands,2023,0.1925,,
ESTAT:TEN00117(1.0),27/04/25 11:00:00,Annual,Electrical energy,Euro,Kilowatt-hour,"Non-household, medium size consumers",Netherlands,2024,0.1534,,
ESTAT:TEN00117(1.0),27/04/25 11:00:00,Annual,Electrical energy,Euro,Kilowatt-hour,"Non-household, medium size consumers",Norway,2013,0.0812,,
ESTAT:TEN00117(1.0),27/04/25 11:00:00,Annual,Electrical energy,Euro,Kilowatt-hour,"Non-household, medium size consumers",Norway,2014,0.0649,,
ESTAT:TEN00117(1.0),27/04/25 11:00:00,Annual,Electrical energy,Euro,Kilowatt-hour,"Non-household, medium size consumers",Norway,2015,0.0612,,
ESTAT:TEN00117(1.0),27/04/25 11:00:00,Annual,Electrical energy,Euro,Kilowatt-hour,"Non-household, medium size consumers",Norway,2016,0.0574,,
ESTAT:TEN00117(1.0),27/04/25 11:00:00,Annual,Electrical energy,Euro,Kilowatt-hour,"Non-household, medium size consumers",Norway,2017,0.0605,,
ESTAT:TEN00117(1.0),27/04/25 11:00:00,Annual,Electrical energy,Euro,Kilowatt-hour,"Non-household, medium size consumers",Norway,2018,0.0677,,
ESTAT:TEN00117(1.0),27/04/25 11:00:00,Annual,Electrical energy,Euro,Kilowatt-hour,"Non-household, medium size consumers",Norway,2019,0.0729,,
ESTAT:TEN00117(1.0),27/04/25 11:00:00,Annual,Electrical energy,Euro,Kilowatt-hour,"Non-household, medium size consumers",Norway,2020,0.0417,,
ESTAT:TEN00117(1.0),27/04/25 11:00:00,Annual,Electrical energy,Euro,Kilowatt-hour,"Non-household, medium size consumers",Norway,2021,0.0715,,
ESTAT:TEN00117(1.0),27/04/25 11:00:00,Annual,Electrical energy,Euro,Kilowatt-hour,"Non-household, medium size consumers",Norway,2022,0.1369,,
ESTAT:TEN00117(1.0),27/04/25 11:00:00,Annual,Electrical energy,Euro,Kilowatt-hour,"Non-household, medium size consumers",Norway,2023,0.1055,,
ESTAT:TEN00117(1.0),27/04/25 11:00:00,Annual,Electrical energy,Euro,Kilowatt-hour,"Non-household, medium size consumers",Norway,2024,0.0791,,
ESTAT:TEN00117(1.0),27/04/25 11:00:00,Annual,Electrical energy,Euro,Kilowatt-hour,"Non-household, medium size consumers",Poland,2013,0.0883,,
ESTAT:TEN00117(1.0),27/04/25 11:00:00,Annual,Electrical energy,Euro,Kilowatt-hour,"Non-household, medium size consumers",Poland,2014,0.0777,,
ESTAT:TEN00117(1.0),27/04/25 11:00:00,Annual,Electrical energy,Euro,Kilowatt-hour,"Non-household, medium size consumers",Poland,2015,0.0833,,
ESTAT:TEN00117(1.0),27/04/25 11:00:00,Annual,Electrical energy,Euro,Kilowatt-hour,"Non-household, medium size consumers",Poland,2016,0.0762,,
ESTAT:TEN00117(1.0),27/04/25 11:00:00,Annual,Electrical energy,Euro,Kilowatt-hour,"Non-household, medium size consumers",Poland,2017,0.0673,,
ESTAT:TEN00117(1.0),27/04/25 11:00:00,Annual,Electrical energy,Euro,Kilowatt-hour,"Non-household, medium size consumers",Poland,2018,0.0648,,
ESTAT:TEN00117(1.0),27/04/25 11:00:00,Annual,Electrical energy,Euro,Kilowatt-hour,"Non-household, medium size consumers",Poland,2019,0.0795,,
ESTAT:TEN00117(1.0),27/04/25 11:00:00,Annual,Electrical energy,Euro,Kilowatt-hour,"Non-household, medium size consumers",Poland,2020,0.0800,,
ESTAT:TEN00117(1.0),27/04/25 11:00:00,Annual,Electrical energy,Euro,Kilowatt-hour,"Non-household, medium size consumers",Poland,2021,0.0731,,
ESTAT:TEN00117(1.0),27/04/25 11:00:00,Annual,Electrical energy,Euro,Kilowatt-hour,"Non-household, medium size consumers",Poland,2022,0.0988,,
ESTAT:TEN00117(1.0),27/04/25 11:00:00,Annual,Electrical energy,Euro,Kilowatt-hour,"Non-household, medium size consumers",Poland,2023,0.1404,,
ESTAT:TEN00117(1.0),27/04/25 11:00:00,Annual,Electrical energy,Euro,Kilowatt-hour,"Non-household, medium size consumers",Poland,2024,0.1271,,
ESTAT:TEN00117(1.0),27/04/25 11:00:00,Annual,Electrical energy,Euro,Kilowatt-hour,"Non-household, medium size consumers",Portugal,2013,0.1015,,
ESTAT:TEN00117(1.0),27/04/25 11:00:00,Annual,Electrical energy,Euro,Kilowatt-hour,"Non-household, medium size consumers",Portugal,2014,0.1029,,
ESTAT:TEN00117(1.0),27/04/25 11:00:00,Annual,Electrical energy,Euro,Kilowatt-hour,"Non-household, medium size consumers",Portugal,2015,0.0989,,
ESTAT:TEN00117(1.0),27/04/25 11:00:00,Annual,Electrical energy,Euro,Kilowatt-hour,"Non-household, medium size consumers",Portugal,2016,0.0943,,
ESTAT:TEN00117(1.0),27/04/25 11:00:00,Annual,Electrical energy,Euro,Kilowatt-hour,"Non-household, medium size consumers",Portugal,2017,0.0835,,
ESTAT:TEN00117(1.0),27/04/25 11:00:00,Annual,Electrical energy,Euro,Kilowatt-hour,"Non-household, medium size consumers",Portugal,2018,0.0781,,
ESTAT:TEN00117(1.0),27/04/25 11:00:00,Annual,Electrical energy,Euro,Kilowatt-hour,"Non-household, medium size consumers",Portugal,2019,0.0869,,
ESTAT:TEN00117(1.0),27/04/25 11:00:00,Annual,Electrical energy,Euro,Kilowatt-hour,"Non-household, medium size consumers",Portugal,2020,0.0794,,
ESTAT:TEN00117(1.0),27/04/25 11:00:00,Annual,Electrical energy,Euro,Kilowatt-hour,"Non-household, medium size consumers",Portugal,2021,0.0755,,
ESTAT:TEN00117(1.0),27/04/25 11:00:00,Annual,Electrical energy,Euro,Kilowatt-hour,"Non-household, medium size consumers",Portugal,2022,0.1351,,
ESTAT:TEN00117(1.0),27/04/25 11:00:00,Annual,Electrical energy,Euro,Kilowatt-hour,"Non-household, medium size consumers",Portugal,2023,0.1505,,
ESTAT:TEN00117(1.0),27/04/25 11:00:00,Annual,Electrical energy,Euro,Kilowatt-hour,"Non-household, medium size consumers",Portugal,2024,0.1068,,
ESTAT:TEN00117(1.0),27/04/25 11:00:00,Annual,Electrical energy,Euro,Kilowatt-hour,"Non-household, medium size consumers",Romania,2013,0.0904,,
ESTAT:TEN00117(1.0),27/04/25 11:00:00,Annual,Electrical energy,Euro,Kilowatt-hour,"Non-household, medium size consumers",Romania,2014,0.0753,,
ESTAT:TEN00117(1.0),27/04/25 11:00:00,Annual,Electrical energy,Euro,Kilowatt-hour,"Non-household, medium size consumers",Romania,2015,0.0707,,
ESTAT:TEN00117(1.0),27/04/25 11:00:00,Annual,Electrical energy,Euro,Kilowatt-hour,"Non-household, medium size consumers",Romania,2016,0.0635,,
ESTAT:TEN00117(1.0),27/04/25 11:00:00,Annual,Electrical energy,Euro,Kilowatt-hour,"Non-household, medium size consumers",Romania,2017,0.0642,,
ESTAT:TEN00117(1.0),27/04/25 11:00:00,Annual,Electrical energy,Euro,Kilowatt-hour,"Non-household, medium size consumers",Romania,2018,0.0710,,
ESTAT:TEN00117(1.0),27/04/25 11:00:00,Annual,Electrical energy,Euro,Kilowatt-hour,"Non-household, medium size consumers",Romania,2019,0.0821,,
ESTAT:TEN00117(1.0),27/04/25 11:00:00,Annual,Electrical energy,Euro,Kilowatt-hour,"Non-household, medium size consumers",Romania,2020,0.0890,,
ESTAT:TEN00117(1.0),27/04/25 11:00:00,Annual,Electrical energy,Euro,Kilowatt-hour,"Non-household, medium size consumers",Romania,2021,0.0824,,
ESTAT:TEN00117(1.0),27/04/25 11:00:00,Annual,Electrical energy,Euro,Kilowatt-hour,"Non-household, medium size consumers",Romania,2022,0.2149,d,
ESTAT:TEN00117(1.0),27/04/25 11:00:00,Annual,Electrical energy,Euro,Kilowatt-hour,"Non-household, medium size consumers",Romania,2023,0.1632,,
ESTAT:TEN00117(1.0),27/04/25 11:00:00,Annual,Electrical energy,Euro,Kilowatt-hour,"Non-household, medium size consumers",Romania,2024,0.1415,,
ESTAT:TEN00117(1.0),27/04/25 11:00:00,Annual,Electrical energy,Euro,Kilowatt-hour,"Non-household, medium size consumers",Serbia,2013,0.0568,,
ESTAT:TEN00117(1.0),27/04/25 11:00:00,Annual,Electrical energy,Euro,Kilowatt-hour,"Non-household, medium size consumers",Serbia,2014,0.0507,,
ESTAT:TEN00117(1.0),27/04/25 11:00:00,Annual,Electrical energy,Euro,Kilowatt-hour,"Non-household, medium size consumers",Serbia,2015,0.0591,,
ESTAT:TEN00117(1.0),27/04/25 11:00:00,Annual,Electrical energy,Euro,Kilowatt-hour,"Non-household, medium size consumers",Serbia,2016,0.0616,,
ESTAT:TEN00117(1.0),27/04/25 11:00:00,Annual,Electrical energy,Euro,Kilowatt-hour,"Non-household, medium size consumers",Serbia,2017,0.0587,,
ESTAT:TEN00117(1.0),27/04/25 11:00:00,Annual,Electrical energy,Euro,Kilowatt-hour,"Non-household, medium size consumers",Serbia,2018,0.0647,,
ESTAT:TEN00117(1.0),27/04/25 11:00:00,Annual,Electrical energy,Euro,Kilowatt-hour,"Non-household, medium size consumers",Serbia,2019,0.0767,,
ESTAT:TEN00117(1.0),27/04/25 11:00:00,Annual,Electrical energy,Euro,Kilowatt-hour,"Non-household, medium size consumers",Serbia,2020,0.0748,,
ESTAT:TEN00117(1.0),27/04/25 11:00:00,Annual,Electrical energy,Euro,Kilowatt-hour,"Non-household, medium size consumers",Serbia,2021,0.0702,,
ESTAT:TEN00117(1.0),27/04/25 11:00:00,Annual,Electrical energy,Euro,Kilowatt-hour,"Non-household, medium size consumers",Serbia,2022,0.0893,,
ESTAT:TEN00117(1.0),27/04/25 11:00:00,Annual,Electrical energy,Euro,Kilowatt-hour,"Non-household, medium size consumers",Serbia,2023,0.1218,,
ESTAT:TEN00117(1.0),27/04/25 11:00:00,Annual,Electrical energy,Euro,Kilowatt-hour,"Non-household, medium size consumers",Serbia,2024,0.1356,,
ESTAT:TEN00117(1.0),27/04/25 11:00:00,Annual,Electrical energy,Euro,Kilowatt-hour,"Non-household, medium size consumers",Sweden,2013,0.0799,,
ESTAT:TEN00117(1.0),27/04/25 11:00:00,Annual,Electrical energy,Euro,Kilowatt-hour,"Non-household, medium size consumers",Sweden,2014,0.0702,,
ESTAT:TEN00117(1.0),27/04/25 11:00:00,Annual,Electrical energy,Euro,Kilowatt-hour,"Non-household, medium size consumers",Sweden,2015,0.0617,,
ESTAT:TEN00117(1.0),27/04/25 11:00:00,Annual,Electrical energy,Euro,Kilowatt-hour,"Non-household, medium size consumers",Sweden,2016,0.0611,,
ESTAT:TEN00117(1.0),27/04/25 11:00:00,Annual,Electrical energy,Euro,Kilowatt-hour,"Non-household, medium size consumers",Sweden,2017,0.0643,,
ESTAT:TEN00117(1.0),27/04/25 11:00:00,Annual,Electrical energy,Euro,Kilowatt-hour,"Non-household, medium size consumers",Sweden,2018,0.0643,,
ESTAT:TEN00117(1.0),27/04/25 11:00:00,Annual,Electrical energy,Euro,Kilowatt-hour,"Non-household, medium size consumers",Sweden,2019,0.0733,,
ESTAT:TEN00117(1.0),27/04/25 11:00:00,Annual,Electrical energy,Euro,Kilowatt-hour,"Non-household, medium size consumers",Sweden,2020,0.0586,,
ESTAT:TEN00117(1.0),27/04/25 11:00:00,Annual,Electrical energy,Euro,Kilowatt-hour,"Non-household, medium size consumers",Sweden,2021,0.0705,,
ESTAT:TEN00117(1.0),27/04/25 11:00:00,Annual,Electrical energy,Euro,Kilowatt-hour,"Non-household, medium size consumers",Sweden,2022,0.1115,,
ESTAT:TEN00117(1.0),27/04/25 11:00:00,Annual,Electrical energy,Euro,Kilowatt-hour,"Non-household, medium size consumers",Sweden,2023,0.1064,,
ESTAT:TEN00117(1.0),27/04/25 11:00:00,Annual,Electrical energy,Euro,Kilowatt-hour,"Non-household, medium size consumers",Sweden,2024,0.0937,,
ESTAT:TEN00117(1.0),27/04/25 11:00:00,Annual,Electrical energy,Euro,Kilowatt-hour,"Non-household, medium size consumers",Slovenia,2013,0.0838,,
ESTAT:TEN00117(1.0),27/04/25 11:00:00,Annual,Electrical energy,Euro,Kilowatt-hour,"Non-household, medium size consumers",Slovenia,2014,0.0754,,
ESTAT:TEN00117(1.0),27/04/25 11:00:00,Annual,Electrical energy,Euro,Kilowatt-hour,"Non-household, medium size consumers",Slovenia,2015,0.0714,,
ESTAT:TEN00117(1.0),27/04/25 11:00:00,Annual,Electrical energy,Euro,Kilowatt-hour,"Non-household, medium size consumers",Slovenia,2016,0.0678,,
ESTAT:TEN00117(1.0),27/04/25 11:00:00,Annual,Electrical energy,Euro,Kilowatt-hour,"Non-household, medium size consumers",Slovenia,2017,0.0619,,
ESTAT:TEN00117(1.0),27/04/25 11:00:00,Annual,Electrical energy,Euro,Kilowatt-hour,"Non-household, medium size consumers",Slovenia,2018,0.0689,,
ESTAT:TEN00117(1.0),27/04/25 11:00:00,Annual,Electrical energy,Euro,Kilowatt-hour,"Non-household, medium size consumers",Slovenia,2019,0.0791,,
ESTAT:TEN00117(1.0),27/04/25 11:00:00,Annual,Electrical energy,Euro,Kilowatt-hour,"Non-household, medium size consumers",Slovenia,2020,0.0811,,
ESTAT:TEN00117(1.0),27/04/25 11:00:00,Annual,Electrical energy,Euro,Kilowatt-hour,"Non-household, medium size consumers",Slovenia,2021,0.0757,,
ESTAT:TEN00117(1.0),27/04/25 11:00:00,Annual,Electrical energy,Euro,Kilowatt-hour,"Non-household, medium size consumers",Slovenia,2022,0.1435,,
ESTAT:TEN00117(1.0),27/04/25 11:00:00,Annual,Electrical energy,Euro,Kilowatt-hour,"Non-household, medium size consumers",Slovenia,2023,0.2057,,
ESTAT:TEN00117(1.0),27/04/25 11:00:00,Annual,Electrical energy,Euro,Kilowatt-hour,"Non-household, medium size consumers",Slovenia,2024,0.1574,,
ESTAT:TEN00117(1.0),27/04/25 11:00:00,Annual,Electrical energy,Euro,Kilowatt-hour,"Non-household, medium size consumers",Slovakia,2013,0.1242,,
ESTAT:TEN00117(1.0),27/04/25 11:00:00,Annual,Electrical energy,Euro,Kilowatt-hour,"Non-household, medium size consumers",Slovakia,2014,0.1107,,
ESTAT:TEN00117(1.0),27/04/25 11:00:00,Annual,Electrical energy,Euro,Kilowatt-hour,"Non-household, medium size consumers",Slovakia,2015,0.1081,,
ESTAT:TEN00117(1.0),27/04/25 11:00:00,Annual,Electrical energy,Euro,Kilowatt-hour,"Non-household, medium size consumers",Slovakia,2016,0.1047,,
ESTAT:TEN00117(1.0),27/04/25 11:00:00,Annual,Electrical energy,Euro,Kilowatt-hour,"Non-household, medium size consumers",Slovakia,2017,0.0741,,
ESTAT:TEN00117(1.0),27/04/25 11:00:00,Annual,Electrical energy,Euro,Kilowatt-hour,"Non-household, medium size consumers",Slovakia,2018,0.0790,,
ESTAT:TEN00117(1.0),27/04/25 11:00:00,Annual,Electrical energy,Euro,Kilowatt-hour,"Non-household, medium size consumers",Slovakia,2019,0.0921,,
ESTAT:TEN00117(1.0),27/04/25 11:00:00,Annual,Electrical energy,Euro,Kilowatt-hour,"Non-household, medium size consumers",Slovakia,2020,0.0977,,
ESTAT:TEN00117(1.0),27/04/25 11:00:00,Annual,Electrical energy,Euro,Kilowatt-hour,"Non-household, medium size consumers",Slovakia,2021,0.0929,,
ESTAT:TEN00117(1.0),27/04/25 11:00:00,Annual,Electrical energy,Euro,Kilowatt-hour,"Non-household, medium size consumers",Slovakia,2022,0.1892,,
ESTAT:TEN00117(1.0),27/04/25 11:00:00,Annual,Electrical energy,Euro,Kilowatt-hour,"Non-household, medium size consumers",Slovakia,2023,0.2285,,
ESTAT:TEN00117(1.0),27/04/25 11:00:00,Annual,Electrical energy,Euro,Kilowatt-hour,"Non-household, medium size consumers",Slovakia,2024,0.1615,,
ESTAT:TEN00117(1.0),27/04/25 11:00:00,Annual,Electrical energy,Euro,Kilowatt-hour,"Non-household, medium size consumers",Trkiye,2013,0.0891,,
ESTAT:TEN00117(1.0),27/04/25 11:00:00,Annual,Electrical energy,Euro,Kilowatt-hour,"Non-household, medium size consumers",Trkiye,2014,0.072,,
ESTAT:TEN00117(1.0),27/04/25 11:00:00,Annual,Electrical energy,Euro,Kilowatt-hour,"Non-household, medium size consumers",Trkiye,2015,0.079,,
ESTAT:TEN00117(1.0),27/04/25 11:00:00,Annual,Electrical energy,Euro,Kilowatt-hour,"Non-household, medium size consumers",Trkiye,2016,0.0722,,
ESTAT:TEN00117(1.0),27/04/25 11:00:00,Annual,Electrical energy,Euro,Kilowatt-hour,"Non-household, medium size consumers",Trkiye,2017,0.0615,,
ESTAT:TEN00117(1.0),27/04/25 11:00:00,Annual,Electrical energy,Euro,Kilowatt-hour,"Non-household, medium size consumers",Trkiye,2018,0.0571,,
ESTAT:TEN00117(1.0),27/04/25 11:00:00,Annual,Electrical energy,Euro,Kilowatt-hour,"Non-household, medium size consumers",Trkiye,2019,0.0683,,
ESTAT:TEN00117(1.0),27/04/25 11:00:00,Annual,Electrical energy,Euro,Kilowatt-hour,"Non-household, medium size consumers",Trkiye,2020,0.0774,,
ESTAT:TEN00117(1.0),27/04/25 11:00:00,Annual,Electrical energy,Euro,Kilowatt-hour,"Non-household, medium size consumers",Trkiye,2021,0.0648,,
ESTAT:TEN00117(1.0),27/04/25 11:00:00,Annual,Electrical energy,Euro,Kilowatt-hour,"Non-household, medium size consumers",Trkiye,2022,0.1171,,
ESTAT:TEN00117(1.0),27/04/25 11:00:00,Annual,Electrical energy,Euro,Kilowatt-hour,"Non-household, medium size consumers",Trkiye,2023,0.1392,,
ESTAT:TEN00117(1.0),27/04/25 11:00:00,Annual,Electrical energy,Euro,Kilowatt-hour,"Non-household, medium size consumers",Trkiye,2024,0.0898,,
ESTAT:TEN00117(1.0),27/04/25 11:00:00,Annual,Electrical energy,Euro,Kilowatt-hour,"Non-household, medium size consumers",Ukraine,2018,0.0595,,
ESTAT:TEN00117(1.0),27/04/25 11:00:00,Annual,Electrical energy,Euro,Kilowatt-hour,"Non-household, medium size consumers",Ukraine,2019,0.0656,,
ESTAT:TEN00117(1.0),27/04/25 11:00:00,Annual,Electrical energy,Euro,Kilowatt-hour,"Non-household, medium size consumers",Ukraine,2020,0.0595,,
ESTAT:TEN00117(1.0),27/04/25 11:00:00,Annual,Electrical energy,Euro,Kilowatt-hour,"Non-household, medium size consumers",Ukraine,2021,0.0595,,
ESTAT:TEN00117(1.0),27/04/25 11:00:00,Annual,Electrical energy,Euro,Kilowatt-hour,"Non-household, medium size consumers",United Kingdom,2013,0.1124,,
ESTAT:TEN00117(1.0),27/04/25 11:00:00,Annual,Electrical energy,Euro,Kilowatt-hour,"Non-household, medium size consumers",United Kingdom,2014,0.1246,,
ESTAT:TEN00117(1.0),27/04/25 11:00:00,Annual,Electrical energy,Euro,Kilowatt-hour,"Non-household, medium size consumers",United Kingdom,2015,0.1184,,
ESTAT:TEN00117(1.0),27/04/25 11:00:00,Annual,Electrical energy,Euro,Kilowatt-hour,"Non-household, medium size consumers",United Kingdom,2016,0.1042,,
ESTAT:TEN00117(1.0),27/04/25 11:00:00,Annual,Electrical energy,Euro,Kilowatt-hour,"Non-household, medium size consumers",United Kingdom,2017,0.0938,,
ESTAT:TEN00117(1.0),27/04/25 11:00:00,Annual,Electrical energy,Euro,Kilowatt-hour,"Non-household, medium size consumers",United Kingdom,2018,0.0970,,
ESTAT:TEN00117(1.0),27/04/25 11:00:00,Annual,Electrical energy,Euro,Kilowatt-hour,"Non-household, medium size consumers",United Kingdom,2019,0.0998,,
ESTAT:TEN00117(1.0),27/04/25 11:00:00,Annual,Electrical energy,Euro,Kilowatt-hour,"Non-household, medium size consumers",United Kingdom,2020,0.1065,,
ESTAT:TEN00117(1.0),27/04/25 11:00:00,Annual,Electrical energy,Euro,Kilowatt-hour,"Non-household, medium size consumers",Kosovo*,2013,0.0617,,
ESTAT:TEN00117(1.0),27/04/25 11:00:00,Annual,Electrical energy,Euro,Kilowatt-hour,"Non-household, medium size consumers",Kosovo*,2014,0.0637,,
ESTAT:TEN00117(1.0),27/04/25 11:00:00,Annual,Electrical energy,Euro,Kilowatt-hour,"Non-household, medium size consumers",Kosovo*,2015,0.0705,,
ESTAT:TEN00117(1.0),27/04/25 11:00:00,Annual,Electrical energy,Euro,Kilowatt-hour,"Non-household, medium size consumers",Kosovo*,2016,0.0687,,
ESTAT:TEN00117(1.0),27/04/25 11:00:00,Annual,Electrical energy,Euro,Kilowatt-hour,"Non-household, medium size consumers",Kosovo*,2017,0.0731,,
ESTAT:TEN00117(1.0),27/04/25 11:00:00,Annual,Electrical energy,Euro,Kilowatt-hour,"Non-household, medium size consumers",Kosovo*,2018,0.0729,,
ESTAT:TEN00117(1.0),27/04/25 11:00:00,Annual,Electrical energy,Euro,Kilowatt-hour,"Non-household, medium size consumers",Kosovo*,2019,0.0642,,
ESTAT:TEN00117(1.0),27/04/25 11:00:00,Annual,Electrical energy,Euro,Kilowatt-hour,"Non-household, medium size consumers",Kosovo*,2020,0.0638,,
ESTAT:TEN00117(1.0),27/04/25 11:00:00,Annual,Electrical energy,Euro,Kilowatt-hour,"Non-household, medium size consumers",Kosovo*,2021,0.0635,,
ESTAT:TEN00117(1.0),27/04/25 11:00:00,Annual,Electrical energy,Euro,Kilowatt-hour,"Non-household, medium size consumers",Kosovo*,2022,0.0659,e,
ESTAT:TEN00117(1.0),27/04/25 11:00:00,Annual,Electrical energy,Euro,Kilowatt-hour,"Non-household, medium size consumers",Kosovo*,2023,0.0713,,
ESTAT:TEN00117(1.0),27/04/25 11:00:00,Annual,Electrical energy,Euro,Kilowatt-hour,"Non-household, medium size consumers",Kosovo*,2024,0.0741,,
